INSERT INTO member (email, password, firstname, lastname, address, nationality) VALUES
('kimobasha3000@hotmail.com', 'abcja', 'Karim', 'El-Sheikh', 'Alexandria, Semouha, El Mostashar Mahmoud El Attar st., 20', 'Egyptian');
INSERT INTO member (email, password, firstname, lastname, address, nationality) VALUES
('ansary510@gmail.com', '195827346', 'Mohamed', 'El-Ansary', 'Giza, Fakhry Mahmoud st., 30', 'Egyptian');
INSERT INTO member (email, password, firstname, lastname, address, nationality) VALUES
('blueberry@yahoo.com', 'midomashakel', 'Andrew', 'Magdy', 'Cairo, Heliopolis, El Khalifa El Maamoon st., 13', 'Egyptian');
INSERT INTO member (email, password, firstname, lastname, address, nationality) VALUES
('khalid2355@yahoo.com', 'zawba3a', 'Khalid', 'Jamal', 'Cairo, New Cairo, 67', 'Kuwaitian');
INSERT INTO member (email, password, firstname, lastname, address, nationality) VALUES
('superhesham3@yahoo.com', 'jaja1x', 'Hesham', 'Saddam', 'Port Said, El Mahalla el kobra, 17', 'Egyptian');
INSERT INTO member (email, password, firstname, lastname, address, nationality) VALUES
('marwa@hotmail.com', 'kungfupanda', 'Marwa', 'Baher', 'New York, Bones st., 79 ', 'American');
INSERT INTO member (email, password, firstname, lastname, address, nationality) VALUES
('princesslamia@hotmail.com', 'LOLlollol5', 'Lamia', 'Serag', 'Frankfut, Kaufer st., 5 ', 'German');
INSERT INTO member (email, password, firstname, lastname, address, nationality) VALUES
('lionofthedesert@yahoo.com', 'uu7777uuu', 'Mazen', 'Gawad', 'Vienna, Fahlen st., 5 ', 'Netherlandic');
INSERT INTO member (email, password, firstname, lastname, address, nationality) VALUES
('khalid.abdulnasser@gmail.com', 'entakeda7omar', 'Khalid', 'Abdulnasser', 'Cairo, ElTagamo3, abdelhamid st., 5 ', 'Egyptian');
INSERT INTO member (email, password, firstname, lastname, address, nationality) VALUES
('dragon15@gmail.com', 'sajguids', 'Marc', 'Samuel', 'Cairo, ElTagamo3, Ibrahim st., 5 ', 'Egyptian');
INSERT INTO member (email, password, firstname, lastname, address, nationality) VALUES
('bagar80@gmail.com', 'Ahmedtyson', 'Ahmed', 'Aly', 'Cairo, ElTagamo3, EL Shaheed Ahmed Hamdy st., 12 ', 'Egyptian');
INSERT INTO member (email, password, firstname, lastname, address, nationality) VALUES
('kaltaz80@gmail.com', 'sabjab3', 'Mathew', 'James', 'London, Flower, Downtown st., 12 ', 'British');
INSERT INTO member (email, password, firstname, lastname, address, nationality) VALUES
('barbar@hotmail.com', 'blackzwhitea', 'Joe', 'Saied', 'London, Eagles, Abraham Lincoln st., 12 ', 'British');
INSERT INTO member (email, password, firstname, lastname, address, nationality) VALUES
('slim.abdennadher@guc.edu.eg', 'balabizoo', 'Slim', 'Abdennadher', 'Cairo, Rehab, 3 st. ,46 ', 'Tunisian');

INSERT INTO sys_admin (email) VALUES ('kimobasha3000@hotmail.com');
INSERT INTO administrator (email) VALUES ('kimobasha3000@hotmail.com');
INSERT INTO administrator (email) VALUES ('ansary510@gmail.com');
INSERT INTO administrator (email) VALUES ('khalid2355@yahoo.com');

INSERT INTO phone_number (email, phone_numbers) VALUES ('kimobasha3000@hotmail.com', '01221470559');
INSERT INTO phone_number (email, phone_numbers) VALUES ('kimobasha3000@hotmail.com', '01226801193');
INSERT INTO phone_number (email, phone_numbers) VALUES ('ansary510@gmail.com', '0111497348');
INSERT INTO phone_number (email, phone_numbers) VALUES ('khalid2355@yahoo.com', '01118124570');

INSERT INTO place (name, building_date, longitude, latitude) VALUES ('Dandi Mall', '2000-05-14', 31, 78.24);
INSERT INTO  place (name, building_date, longitude, latitude) VALUES ('City Stars', '2005-02-28', 66.4, 4);

INSERT INTO  place (name, building_date, longitude, latitude) VALUES ('Sheraton', '1996-10-06', 5.21, 16);
INSERT INTO  place (name, building_date, longitude, latitude) VALUES ('Ramses', '1999-11-05', 1, 90);
INSERT INTO  place (name, building_date, longitude, latitude) VALUES ('Mizo', '1990-01-02', 1, 2);
INSERT INTO hotel (pid) VALUES (3);
INSERT INTO hotel (pid) VALUES (4);
INSERT INTO hotel (pid) VALUES (5);

INSERT INTO  place (name, building_date, longitude, latitude) VALUES ('Egyptian Museum', '2010-01-02', 4, 2);
INSERT INTO  place (name, building_date, longitude, latitude) VALUES ('Air Museum', '2012-05-15', 30.3, 44.99);
INSERT INTO  place (name, building_date, longitude, latitude) VALUES ('Prehistoric Museum', '2011-11-11', 66.3, 10.79);
INSERT INTO museum (pid, openinghours, closinghours, ticketprice) VALUES (6, 'Everyday at 13:00', 'Everyday at 22:00', 15.00);
INSERT INTO museum (pid, openinghours, closinghours, ticketprice) VALUES (7, 'Everyday at 12:00', 'Everyday at 18:00', 12.00);
INSERT INTO museum (pid, openinghours, closinghours, ticketprice) VALUES (8, 'Everyday at 14:00', 'Everyday at 21:00', 9.50);


INSERT INTO  place (name, building_date, longitude, latitude) VALUES ('Cairo', '1220-05-22', 0, 0.51);
INSERT INTO  place (name, building_date, longitude, latitude) VALUES ('Alexandria', '880-07-03', 10, 1.15);
INSERT INTO  place (name, building_date, longitude, latitude) VALUES ('New York', '1440-07-03', 55.38, 24.28);
INSERT INTO  place (name, building_date, longitude, latitude) VALUES ('Frankfurt', '1904-07-03', 72, 4);
INSERT INTO city (pid, location, coastalcity) VALUES (9, 'Egypt', 0);
INSERT INTO city (pid, location, coastalcity) VALUES (10, 'Egypt', 1);
INSERT INTO city (pid, location, coastalcity) VALUES (11, 'USA', 0);
INSERT INTO city (pid, location, coastalcity) VALUES (12, 'Germany', 0);


INSERT INTO  place (name, building_date, longitude, latitude) VALUES ('Statue of Liberty', '1905-07-03', 2, 4);
INSERT INTO  place (name, building_date, longitude, latitude) VALUES ('Stonehenge', '1908-02-03', 2, 24.41);
INSERT INTO  place (name, building_date, longitude, latitude) VALUES ('Black Castle', '1490-02-03', 9, 21.41);
INSERT INTO  place (name, building_date, longitude, latitude) VALUES ('Ziad Monument', '1890-02-03', 19, 22.22);
INSERT INTO monument (pid, description) VALUES (13, 'Symbol of Liberty');
INSERT INTO monument (pid, description) VALUES (14, 'Made in Ancient Greece');
INSERT INTO monument (pid, description) VALUES (15, 'House of Horror');
INSERT INTO monument (pid, description) VALUES (16, 'To Honor the great Ziad');

INSERT INTO  place (name, building_date, longitude, latitude) VALUES ('Pizza Hut', '1790-02-03', 19, 16.22);
INSERT INTO  place (name, building_date, longitude, latitude) VALUES ('KFC', '1888-02-03', 19, 12.22);
INSERT INTO  place (name, building_date, longitude, latitude) VALUES ('Mcdonald\'s', '1989-02-03', 19, 71.77);
INSERT INTO  place (name, building_date, longitude, latitude) VALUES ('Burger King', '2014-02-03', 19, 5.75);
INSERT INTO restaurant (pid, style, cuisine) VALUES (17, 'American', 'American');
INSERT INTO restaurant (pid, style, cuisine) VALUES (18, 'American', 'American');
INSERT INTO restaurant (pid, style, cuisine) VALUES (19, 'American', 'American');
INSERT INTO restaurant (pid, style, cuisine) VALUES (20, 'American', 'American');

INSERT INTO manage_place (pid, email) VALUES (1, 'kimobasha3000@hotmail.com');
INSERT INTO manage_place (pid, email) VALUES (2, 'ansary510@gmail.com');
INSERT INTO manage_place (pid, email) VALUES (3, 'kimobasha3000@hotmail.com');
INSERT INTO manage_place (pid, email) VALUES (4, 'kimobasha3000@hotmail.com');
INSERT INTO manage_place (pid, email) VALUES (5, 'kimobasha3000@hotmail.com');
INSERT INTO manage_place (pid, email) VALUES (6, 'ansary510@gmail.com');
INSERT INTO manage_place (pid, email) VALUES (7, 'kimobasha3000@hotmail.com');
INSERT INTO manage_place (pid, email) VALUES (8, 'kimobasha3000@hotmail.com');
INSERT INTO manage_place (pid, email) VALUES (9, 'ansary510@gmail.com');
INSERT INTO manage_place (pid, email) VALUES (10, 'ansary510@gmail.com');
INSERT INTO manage_place (pid, email) VALUES (11, 'ansary510@gmail.com');
INSERT INTO manage_place (pid, email) VALUES (12, 'khalid2355@yahoo.com');
INSERT INTO manage_place (pid, email) VALUES (13, 'khalid2355@yahoo.com');
INSERT INTO manage_place (pid, email) VALUES (14, 'khalid2355@yahoo.com');
INSERT INTO manage_place (pid, email) VALUES (15, 'kimobasha3000@hotmail.com');
INSERT INTO manage_place (pid, email) VALUES (16, 'khalid2355@yahoo.com');
INSERT INTO manage_place (pid, email) VALUES (17, 'khalid2355@yahoo.com');
INSERT INTO manage_place (pid, email) VALUES (18, 'khalid2355@yahoo.com');
INSERT INTO manage_place (pid, email) VALUES (19, 'khalid2355@yahoo.com');
INSERT INTO manage_place (pid, email) VALUES (20, 'ansary510@gmail.com');

INSERT INTO information (pid, text, admin_email) VALUES (1, 'A very good place to visit', 'kimobasha3000@hotmail.com');
INSERT INTO information (pid, text, admin_email) VALUES (2, 'A very good place to visit', 'ansary510@gmail.com');
INSERT INTO information (pid, text, admin_email) VALUES (3, 'A very good place to visit', 'kimobasha3000@hotmail.com');
INSERT INTO information (pid, text, admin_email) VALUES (4, 'A very good place to visit', 'kimobasha3000@hotmail.com');
INSERT INTO information (pid, text, admin_email) VALUES (5, 'A very good place to visit', 'kimobasha3000@hotmail.com');
INSERT INTO information (pid, text, admin_email) VALUES (6, 'A very good place to visit', 'ansary510@gmail.com');
INSERT INTO information (pid, text, admin_email) VALUES (7, 'A very good place to visit', 'kimobasha3000@hotmail.com');
INSERT INTO information (pid, text, admin_email) VALUES (8, 'A very good place to visit', 'kimobasha3000@hotmail.com');
INSERT INTO information (pid, text, admin_email) VALUES (9, 'A very good place to visit', 'ansary510@gmail.com');
INSERT INTO information (pid, text, admin_email) VALUES (10, 'A very good place to visit', 'ansary510@gmail.com');
INSERT INTO information (pid, text, admin_email) VALUES (11, 'A very good place to visit', 'ansary510@gmail.com');
INSERT INTO information (pid, text, admin_email) VALUES (12, 'A very good place to visit', 'khalid2355@yahoo.com');
INSERT INTO information (pid, text, admin_email) VALUES (13, 'A very good place to visit', 'khalid2355@yahoo.com');
INSERT INTO information (pid, text, admin_email) VALUES (14, 'A very good place to visit', 'khalid2355@yahoo.com');
INSERT INTO information (pid, text, admin_email) VALUES (15, 'A very good place to visit', 'kimobasha3000@hotmail.com');
INSERT INTO information (pid, text, admin_email) VALUES (16, 'A very good place to visit', 'khalid2355@yahoo.com');
INSERT INTO information (pid, text, admin_email) VALUES (17, 'A very good place to visit', 'khalid2355@yahoo.com');
INSERT INTO information (pid, text, admin_email) VALUES (18, 'A very good place to visit', 'khalid2355@yahoo.com');
INSERT INTO information (pid, text, admin_email) VALUES (19, 'A very good place to visit', 'khalid2355@yahoo.com');
INSERT INTO information (pid, text, admin_email) VALUES (20, 'A very good place to visit', 'ansary510@gmail.com');

INSERT INTO visited (member_email, pid) VALUES ('kimobasha3000@hotmail.com', 1);
INSERT INTO visited (member_email, pid) VALUES ('kimobasha3000@hotmail.com', 2);
INSERT INTO visited (member_email, pid) VALUES ('kimobasha3000@hotmail.com', 3);
INSERT INTO visited (member_email, pid) VALUES ('ansary510@gmail.com', 2);
INSERT INTO visited (member_email, pid) VALUES ('ansary510@gmail.com', 3);
INSERT INTO visited (member_email, pid) VALUES ('ansary510@gmail.com', 4);
INSERT INTO visited (member_email, pid) VALUES ('ansary510@gmail.com', 6);
INSERT INTO visited (member_email, pid) VALUES ('khalid2355@yahoo.com', 1);
INSERT INTO visited (member_email, pid) VALUES ('khalid2355@yahoo.com', 4);
INSERT INTO visited (member_email, pid) VALUES ('khalid2355@yahoo.com', 5);
INSERT INTO visited (member_email, pid) VALUES ('blueberry@yahoo.com', 3);
INSERT INTO visited (member_email, pid) VALUES ('superhesham3@yahoo.com', 1);
INSERT INTO visited (member_email, pid) VALUES ('superhesham3@yahoo.com', 2);
INSERT INTO visited (member_email, pid) VALUES ('superhesham3@yahoo.com', 3);
INSERT INTO visited (member_email, pid) VALUES ('superhesham3@yahoo.com', 4);
INSERT INTO visited (member_email, pid) VALUES ('marwa@hotmail.com', 1);
INSERT INTO visited (member_email, pid) VALUES ('marwa@hotmail.com', 3);
INSERT INTO visited (member_email, pid) VALUES ('marwa@hotmail.com', 4);
INSERT INTO visited (member_email, pid) VALUES ('princessLamia@hotmail.com', 3);
INSERT INTO visited (member_email, pid) VALUES ('princessLamia@hotmail.com', 4);
INSERT INTO visited (member_email, pid) VALUES ('princessLamia@hotmail.com', 5);
INSERT INTO visited (member_email, pid) VALUES ('lionofthedesert@yahoo.com', 1);
INSERT INTO visited (member_email, pid) VALUES ('lionofthedesert@yahoo.com', 2);
INSERT INTO visited (member_email, pid) VALUES ('lionofthedesert@yahoo.com', 4);
INSERT INTO visited (member_email, pid) VALUES ('khalid.abdulnasser@gmail.com', 1);
INSERT INTO visited (member_email, pid) VALUES ('khalid.abdulnasser@gmail.com', 2);
INSERT INTO visited (member_email, pid) VALUES ('khalid.abdulnasser@gmail.com', 4);
INSERT INTO visited (member_email, pid) VALUES ('dragon15@gmail.com', 1);
INSERT INTO visited (member_email, pid) VALUES ('dragon15@gmail.com', 2);
INSERT INTO visited (member_email, pid) VALUES ('dragon15@gmail.com', 3);
INSERT INTO visited (member_email, pid) VALUES ('bagar80@gmail.com', 2);
INSERT INTO visited (member_email, pid) VALUES ('bagar80@gmail.com', 4);
INSERT INTO visited (member_email, pid) VALUES ('bagar80@gmail.com', 5);
INSERT INTO visited (member_email, pid) VALUES ('kaltaz80@gmail.com', 1);
INSERT INTO visited (member_email, pid) VALUES ('kaltaz80@gmail.com', 2);
INSERT INTO visited (member_email, pid) VALUES ('kaltaz80@gmail.com', 3);
INSERT INTO visited (member_email, pid) VALUES ('kaltaz80@gmail.com', 4);
INSERT INTO visited (member_email, pid) VALUES ('barbar@hotmail.com', 1);
INSERT INTO visited (member_email, pid) VALUES ('barbar@hotmail.com', 2);
INSERT INTO visited (member_email, pid) VALUES ('barbar@hotmail.com', 3);
INSERT INTO visited (member_email, pid) VALUES ('barbar@hotmail.com', 5);
INSERT INTO visited (member_email, pid) VALUES ('slim.abdennadher@guc.edu.eg', 1);
INSERT INTO visited (member_email, pid) VALUES ('slim.abdennadher@guc.edu.eg', 2);
INSERT INTO visited (member_email, pid) VALUES ('slim.abdennadher@guc.edu.eg', 3);
INSERT INTO visited (member_email, pid) VALUES ('slim.abdennadher@guc.edu.eg', 4);
INSERT INTO visited (member_email, pid) VALUES ('slim.abdennadher@guc.edu.eg', 5);

INSERT INTO visited (member_email, pid) VALUES ('kimobasha3000@hotmail.com', 7);
INSERT INTO visited (member_email, pid) VALUES ('kimobasha3000@hotmail.com', 8);
INSERT INTO visited (member_email, pid) VALUES ('kimobasha3000@hotmail.com', 11);
INSERT INTO visited (member_email, pid) VALUES ('ansary510@gmail.com', 7);
INSERT INTO visited (member_email, pid) VALUES ('ansary510@gmail.com', 8);
INSERT INTO visited (member_email, pid) VALUES ('ansary510@gmail.com', 9);
INSERT INTO visited (member_email, pid) VALUES ('ansary510@gmail.com', 11);
INSERT INTO visited (member_email, pid) VALUES ('khalid2355@yahoo.com', 6);
INSERT INTO visited (member_email, pid) VALUES ('khalid2355@yahoo.com', 9);
INSERT INTO visited (member_email, pid) VALUES ('khalid2355@yahoo.com', 10);
INSERT INTO visited (member_email, pid) VALUES ('blueberry@yahoo.com', 8);
INSERT INTO visited (member_email, pid) VALUES ('superhesham3@yahoo.com', 6);
INSERT INTO visited (member_email, pid) VALUES ('superhesham3@yahoo.com', 7);
INSERT INTO visited (member_email, pid) VALUES ('superhesham3@yahoo.com', 8);
INSERT INTO visited (member_email, pid) VALUES ('superhesham3@yahoo.com', 9);
INSERT INTO visited (member_email, pid) VALUES ('marwa@hotmail.com', 6);
INSERT INTO visited (member_email, pid) VALUES ('marwa@hotmail.com', 8);
INSERT INTO visited (member_email, pid) VALUES ('marwa@hotmail.com', 9);
INSERT INTO visited (member_email, pid) VALUES ('princessLamia@hotmail.com', 8);
INSERT INTO visited (member_email, pid) VALUES ('princessLamia@hotmail.com', 9);
INSERT INTO visited (member_email, pid) VALUES ('princessLamia@hotmail.com', 10);
INSERT INTO visited (member_email, pid) VALUES ('lionofthedesert@yahoo.com', 6);
INSERT INTO visited (member_email, pid) VALUES ('lionofthedesert@yahoo.com', 7);
INSERT INTO visited (member_email, pid) VALUES ('lionofthedesert@yahoo.com', 9);
INSERT INTO visited (member_email, pid) VALUES ('khalid.abdulnasser@gmail.com', 6);
INSERT INTO visited (member_email, pid) VALUES ('khalid.abdulnasser@gmail.com', 7);
INSERT INTO visited (member_email, pid) VALUES ('khalid.abdulnasser@gmail.com', 9);
INSERT INTO visited (member_email, pid) VALUES ('dragon15@gmail.com', 6);
INSERT INTO visited (member_email, pid) VALUES ('dragon15@gmail.com', 7);
INSERT INTO visited (member_email, pid) VALUES ('dragon15@gmail.com', 8);
INSERT INTO visited (member_email, pid) VALUES ('bagar80@gmail.com', 7);
INSERT INTO visited (member_email, pid) VALUES ('bagar80@gmail.com', 9);
INSERT INTO visited (member_email, pid) VALUES ('bagar80@gmail.com', 10);
INSERT INTO visited (member_email, pid) VALUES ('kaltaz80@gmail.com', 6);
INSERT INTO visited (member_email, pid) VALUES ('kaltaz80@gmail.com', 7);
INSERT INTO visited (member_email, pid) VALUES ('kaltaz80@gmail.com', 8);
INSERT INTO visited (member_email, pid) VALUES ('kaltaz80@gmail.com', 9);
INSERT INTO visited (member_email, pid) VALUES ('barbar@hotmail.com', 6);
INSERT INTO visited (member_email, pid) VALUES ('barbar@hotmail.com', 7);
INSERT INTO visited (member_email, pid) VALUES ('barbar@hotmail.com', 8);
INSERT INTO visited (member_email, pid) VALUES ('barbar@hotmail.com', 10);
INSERT INTO visited (member_email, pid) VALUES ('slim.abdennadher@guc.edu.eg', 6);
INSERT INTO visited (member_email, pid) VALUES ('slim.abdennadher@guc.edu.eg', 7);
INSERT INTO visited (member_email, pid) VALUES ('slim.abdennadher@guc.edu.eg', 8);
INSERT INTO visited (member_email, pid) VALUES ('slim.abdennadher@guc.edu.eg', 9);
INSERT INTO visited (member_email, pid) VALUES ('slim.abdennadher@guc.edu.eg', 10);

INSERT INTO visited (member_email, pid) VALUES ('kimobasha3000@hotmail.com', 12);
INSERT INTO visited (member_email, pid) VALUES ('kimobasha3000@hotmail.com', 13);
INSERT INTO visited (member_email, pid) VALUES ('kimobasha3000@hotmail.com', 16);
INSERT INTO visited (member_email, pid) VALUES ('ansary510@gmail.com', 12);
INSERT INTO visited (member_email, pid) VALUES ('ansary510@gmail.com', 13);
INSERT INTO visited (member_email, pid) VALUES ('ansary510@gmail.com', 14);
INSERT INTO visited (member_email, pid) VALUES ('ansary510@gmail.com', 16);
INSERT INTO visited (member_email, pid) VALUES ('khalid2355@yahoo.com', 11);
INSERT INTO visited (member_email, pid) VALUES ('khalid2355@yahoo.com', 14);
INSERT INTO visited (member_email, pid) VALUES ('khalid2355@yahoo.com', 15);
INSERT INTO visited (member_email, pid) VALUES ('blueberry@yahoo.com', 13);
INSERT INTO visited (member_email, pid) VALUES ('superhesham3@yahoo.com', 11);
INSERT INTO visited (member_email, pid) VALUES ('superhesham3@yahoo.com', 12);
INSERT INTO visited (member_email, pid) VALUES ('superhesham3@yahoo.com', 13);
INSERT INTO visited (member_email, pid) VALUES ('superhesham3@yahoo.com', 14);
INSERT INTO visited (member_email, pid) VALUES ('marwa@hotmail.com', 11);
INSERT INTO visited (member_email, pid) VALUES ('marwa@hotmail.com', 13);
INSERT INTO visited (member_email, pid) VALUES ('marwa@hotmail.com', 14);
INSERT INTO visited (member_email, pid) VALUES ('princessLamia@hotmail.com', 13);
INSERT INTO visited (member_email, pid) VALUES ('princessLamia@hotmail.com', 14);
INSERT INTO visited (member_email, pid) VALUES ('princessLamia@hotmail.com', 15);
INSERT INTO visited (member_email, pid) VALUES ('lionofthedesert@yahoo.com', 11);
INSERT INTO visited (member_email, pid) VALUES ('lionofthedesert@yahoo.com', 12);
INSERT INTO visited (member_email, pid) VALUES ('lionofthedesert@yahoo.com', 14);
INSERT INTO visited (member_email, pid) VALUES ('khalid.abdulnasser@gmail.com', 11);
INSERT INTO visited (member_email, pid) VALUES ('khalid.abdulnasser@gmail.com', 12);
INSERT INTO visited (member_email, pid) VALUES ('khalid.abdulnasser@gmail.com', 14);
INSERT INTO visited (member_email, pid) VALUES ('dragon15@gmail.com', 11);
INSERT INTO visited (member_email, pid) VALUES ('dragon15@gmail.com', 12);
INSERT INTO visited (member_email, pid) VALUES ('dragon15@gmail.com', 13);
INSERT INTO visited (member_email, pid) VALUES ('bagar80@gmail.com', 12);
INSERT INTO visited (member_email, pid) VALUES ('bagar80@gmail.com', 14);
INSERT INTO visited (member_email, pid) VALUES ('bagar80@gmail.com', 15);
INSERT INTO visited (member_email, pid) VALUES ('kaltaz80@gmail.com', 11);
INSERT INTO visited (member_email, pid) VALUES ('kaltaz80@gmail.com', 12);
INSERT INTO visited (member_email, pid) VALUES ('kaltaz80@gmail.com', 13);
INSERT INTO visited (member_email, pid) VALUES ('kaltaz80@gmail.com', 14);
INSERT INTO visited (member_email, pid) VALUES ('barbar@hotmail.com', 11);
INSERT INTO visited (member_email, pid) VALUES ('barbar@hotmail.com', 12);
INSERT INTO visited (member_email, pid) VALUES ('barbar@hotmail.com', 13);
INSERT INTO visited (member_email, pid) VALUES ('barbar@hotmail.com', 15);
INSERT INTO visited (member_email, pid) VALUES ('slim.abdennadher@guc.edu.eg', 11);
INSERT INTO visited (member_email, pid) VALUES ('slim.abdennadher@guc.edu.eg', 12);
INSERT INTO visited (member_email, pid) VALUES ('slim.abdennadher@guc.edu.eg', 13);
INSERT INTO visited (member_email, pid) VALUES ('slim.abdennadher@guc.edu.eg', 14);
INSERT INTO visited (member_email, pid) VALUES ('slim.abdennadher@guc.edu.eg', 15);

INSERT INTO visited (member_email, pid) VALUES ('kimobasha3000@hotmail.com', 17);
INSERT INTO visited (member_email, pid) VALUES ('kimobasha3000@hotmail.com', 18);
INSERT INTO visited (member_email, pid) VALUES ('kimobasha3000@hotmail.com', 20);
INSERT INTO visited (member_email, pid) VALUES ('ansary510@gmail.com', 17);
INSERT INTO visited (member_email, pid) VALUES ('ansary510@gmail.com', 18);
INSERT INTO visited (member_email, pid) VALUES ('ansary510@gmail.com', 19);
INSERT INTO visited (member_email, pid) VALUES ('ansary510@gmail.com', 20);
INSERT INTO visited (member_email, pid) VALUES ('khalid2355@yahoo.com', 16);
INSERT INTO visited (member_email, pid) VALUES ('khalid2355@yahoo.com', 19);
INSERT INTO visited (member_email, pid) VALUES ('khalid2355@yahoo.com', 20);
INSERT INTO visited (member_email, pid) VALUES ('blueberry@yahoo.com', 18);
INSERT INTO visited (member_email, pid) VALUES ('superhesham3@yahoo.com', 16);
INSERT INTO visited (member_email, pid) VALUES ('superhesham3@yahoo.com', 17);
INSERT INTO visited (member_email, pid) VALUES ('superhesham3@yahoo.com', 18);
INSERT INTO visited (member_email, pid) VALUES ('superhesham3@yahoo.com', 19);
INSERT INTO visited (member_email, pid) VALUES ('marwa@hotmail.com', 16);
INSERT INTO visited (member_email, pid) VALUES ('marwa@hotmail.com', 18);
INSERT INTO visited (member_email, pid) VALUES ('marwa@hotmail.com', 19);
INSERT INTO visited (member_email, pid) VALUES ('princessLamia@hotmail.com', 18);
INSERT INTO visited (member_email, pid) VALUES ('princessLamia@hotmail.com', 19);
INSERT INTO visited (member_email, pid) VALUES ('princessLamia@hotmail.com', 20);
INSERT INTO visited (member_email, pid) VALUES ('lionofthedesert@yahoo.com', 16);
INSERT INTO visited (member_email, pid) VALUES ('lionofthedesert@yahoo.com', 17);
INSERT INTO visited (member_email, pid) VALUES ('lionofthedesert@yahoo.com', 19);
INSERT INTO visited (member_email, pid) VALUES ('khalid.abdulnasser@gmail.com', 16);
INSERT INTO visited (member_email, pid) VALUES ('khalid.abdulnasser@gmail.com', 17);
INSERT INTO visited (member_email, pid) VALUES ('khalid.abdulnasser@gmail.com', 19);
INSERT INTO visited (member_email, pid) VALUES ('dragon15@gmail.com', 16);
INSERT INTO visited (member_email, pid) VALUES ('dragon15@gmail.com', 17);
INSERT INTO visited (member_email, pid) VALUES ('dragon15@gmail.com', 18);
INSERT INTO visited (member_email, pid) VALUES ('bagar80@gmail.com', 17);
INSERT INTO visited (member_email, pid) VALUES ('bagar80@gmail.com', 19);
INSERT INTO visited (member_email, pid) VALUES ('bagar80@gmail.com', 20);
INSERT INTO visited (member_email, pid) VALUES ('kaltaz80@gmail.com', 16);
INSERT INTO visited (member_email, pid) VALUES ('kaltaz80@gmail.com', 17);
INSERT INTO visited (member_email, pid) VALUES ('kaltaz80@gmail.com', 18);
INSERT INTO visited (member_email, pid) VALUES ('kaltaz80@gmail.com', 19);
INSERT INTO visited (member_email, pid) VALUES ('barbar@hotmail.com', 16);
INSERT INTO visited (member_email, pid) VALUES ('barbar@hotmail.com', 17);
INSERT INTO visited (member_email, pid) VALUES ('barbar@hotmail.com', 18);
INSERT INTO visited (member_email, pid) VALUES ('barbar@hotmail.com', 20);
INSERT INTO visited (member_email, pid) VALUES ('slim.abdennadher@guc.edu.eg', 16);
INSERT INTO visited (member_email, pid) VALUES ('slim.abdennadher@guc.edu.eg', 17);
INSERT INTO visited (member_email, pid) VALUES ('slim.abdennadher@guc.edu.eg', 18);
INSERT INTO visited (member_email, pid) VALUES ('slim.abdennadher@guc.edu.eg', 19);
INSERT INTO visited (member_email, pid) VALUES ('slim.abdennadher@guc.edu.eg', 20);

INSERT INTO member_liked (member_email, pid) VALUES ('kimobasha3000@hotmail.com', 1);
INSERT INTO member_liked (member_email, pid) VALUES ('kimobasha3000@hotmail.com', 2);
INSERT INTO member_liked (member_email, pid) VALUES ('kimobasha3000@hotmail.com', 3);
INSERT INTO member_liked (member_email, pid) VALUES ('ansary510@gmail.com', 2);
INSERT INTO member_liked (member_email, pid) VALUES ('ansary510@gmail.com', 3);
INSERT INTO member_liked (member_email, pid) VALUES ('ansary510@gmail.com', 4);
INSERT INTO member_liked (member_email, pid) VALUES ('ansary510@gmail.com', 6);
INSERT INTO member_liked (member_email, pid) VALUES ('khalid2355@yahoo.com', 1);
INSERT INTO member_liked (member_email, pid) VALUES ('khalid2355@yahoo.com', 4);
INSERT INTO member_liked (member_email, pid) VALUES ('khalid2355@yahoo.com', 5);
INSERT INTO member_liked (member_email, pid) VALUES ('blueberry@yahoo.com', 3);
INSERT INTO member_liked (member_email, pid) VALUES ('superhesham3@yahoo.com', 1);
INSERT INTO member_liked (member_email, pid) VALUES ('superhesham3@yahoo.com', 2);
INSERT INTO member_liked (member_email, pid) VALUES ('superhesham3@yahoo.com', 3);
INSERT INTO member_liked (member_email, pid) VALUES ('superhesham3@yahoo.com', 4);
INSERT INTO member_liked (member_email, pid) VALUES ('marwa@hotmail.com', 1);
INSERT INTO member_liked (member_email, pid) VALUES ('marwa@hotmail.com', 3);
INSERT INTO member_liked (member_email, pid) VALUES ('marwa@hotmail.com', 4);
INSERT INTO member_liked (member_email, pid) VALUES ('princessLamia@hotmail.com', 3);
INSERT INTO member_liked (member_email, pid) VALUES ('princessLamia@hotmail.com', 4);
INSERT INTO member_liked (member_email, pid) VALUES ('princessLamia@hotmail.com', 5);
INSERT INTO member_liked (member_email, pid) VALUES ('lionofthedesert@yahoo.com', 1);
INSERT INTO member_liked (member_email, pid) VALUES ('lionofthedesert@yahoo.com', 2);
INSERT INTO member_liked (member_email, pid) VALUES ('lionofthedesert@yahoo.com', 4);
INSERT INTO member_liked (member_email, pid) VALUES ('khalid.abdulnasser@gmail.com', 1);
INSERT INTO member_liked (member_email, pid) VALUES ('khalid.abdulnasser@gmail.com', 2);
INSERT INTO member_liked (member_email, pid) VALUES ('khalid.abdulnasser@gmail.com', 4);
INSERT INTO member_liked (member_email, pid) VALUES ('dragon15@gmail.com', 1);
INSERT INTO member_liked (member_email, pid) VALUES ('dragon15@gmail.com', 2);
INSERT INTO member_liked (member_email, pid) VALUES ('dragon15@gmail.com', 3);
INSERT INTO member_liked (member_email, pid) VALUES ('bagar80@gmail.com', 2);
INSERT INTO member_liked (member_email, pid) VALUES ('bagar80@gmail.com', 4);
INSERT INTO member_liked (member_email, pid) VALUES ('bagar80@gmail.com', 5);
INSERT INTO member_liked (member_email, pid) VALUES ('kaltaz80@gmail.com', 1);
INSERT INTO member_liked (member_email, pid) VALUES ('kaltaz80@gmail.com', 2);
INSERT INTO member_liked (member_email, pid) VALUES ('kaltaz80@gmail.com', 3);
INSERT INTO member_liked (member_email, pid) VALUES ('kaltaz80@gmail.com', 4);
INSERT INTO member_liked (member_email, pid) VALUES ('barbar@hotmail.com', 1);
INSERT INTO member_liked (member_email, pid) VALUES ('barbar@hotmail.com', 2);
INSERT INTO member_liked (member_email, pid) VALUES ('barbar@hotmail.com', 3);
INSERT INTO member_liked (member_email, pid) VALUES ('barbar@hotmail.com', 5);
INSERT INTO member_liked (member_email, pid) VALUES ('slim.abdennadher@guc.edu.eg', 1);
INSERT INTO member_liked (member_email, pid) VALUES ('slim.abdennadher@guc.edu.eg', 2);
INSERT INTO member_liked (member_email, pid) VALUES ('slim.abdennadher@guc.edu.eg', 3);
INSERT INTO member_liked (member_email, pid) VALUES ('slim.abdennadher@guc.edu.eg', 4);
INSERT INTO member_liked (member_email, pid) VALUES ('slim.abdennadher@guc.edu.eg', 5);

INSERT INTO member_liked (member_email, pid) VALUES ('kimobasha3000@hotmail.com', 7);
INSERT INTO member_liked (member_email, pid) VALUES ('kimobasha3000@hotmail.com', 8);
INSERT INTO member_liked (member_email, pid) VALUES ('ansary510@gmail.com', 7);
INSERT INTO member_liked (member_email, pid) VALUES ('ansary510@gmail.com', 8);
INSERT INTO member_liked (member_email, pid) VALUES ('ansary510@gmail.com', 9);
INSERT INTO member_liked (member_email, pid) VALUES ('ansary510@gmail.com', 11);
INSERT INTO member_liked (member_email, pid) VALUES ('khalid2355@yahoo.com', 6);
INSERT INTO member_liked (member_email, pid) VALUES ('khalid2355@yahoo.com', 9);
INSERT INTO member_liked (member_email, pid) VALUES ('khalid2355@yahoo.com', 10);
INSERT INTO member_liked (member_email, pid) VALUES ('blueberry@yahoo.com', 8);
INSERT INTO member_liked (member_email, pid) VALUES ('superhesham3@yahoo.com', 6);
INSERT INTO member_liked (member_email, pid) VALUES ('superhesham3@yahoo.com', 7);
INSERT INTO member_liked (member_email, pid) VALUES ('superhesham3@yahoo.com', 8);
INSERT INTO member_liked (member_email, pid) VALUES ('superhesham3@yahoo.com', 9);
INSERT INTO member_liked (member_email, pid) VALUES ('marwa@hotmail.com', 6);
INSERT INTO member_liked (member_email, pid) VALUES ('marwa@hotmail.com', 8);
INSERT INTO member_liked (member_email, pid) VALUES ('marwa@hotmail.com', 9);
INSERT INTO member_liked (member_email, pid) VALUES ('princessLamia@hotmail.com', 8);
INSERT INTO member_liked (member_email, pid) VALUES ('princessLamia@hotmail.com', 9);
INSERT INTO member_liked (member_email, pid) VALUES ('princessLamia@hotmail.com', 10);
INSERT INTO member_liked (member_email, pid) VALUES ('lionofthedesert@yahoo.com', 6);
INSERT INTO member_liked (member_email, pid) VALUES ('lionofthedesert@yahoo.com', 7);
INSERT INTO member_liked (member_email, pid) VALUES ('lionofthedesert@yahoo.com', 9);
INSERT INTO member_liked (member_email, pid) VALUES ('khalid.abdulnasser@gmail.com', 6);
INSERT INTO member_liked (member_email, pid) VALUES ('khalid.abdulnasser@gmail.com', 7);
INSERT INTO member_liked (member_email, pid) VALUES ('khalid.abdulnasser@gmail.com', 9);
INSERT INTO member_liked (member_email, pid) VALUES ('dragon15@gmail.com', 6);
INSERT INTO member_liked (member_email, pid) VALUES ('dragon15@gmail.com', 7);
INSERT INTO member_liked (member_email, pid) VALUES ('dragon15@gmail.com', 8);
INSERT INTO member_liked (member_email, pid) VALUES ('bagar80@gmail.com', 7);
INSERT INTO member_liked (member_email, pid) VALUES ('bagar80@gmail.com', 9);
INSERT INTO member_liked (member_email, pid) VALUES ('bagar80@gmail.com', 10);
INSERT INTO member_liked (member_email, pid) VALUES ('kaltaz80@gmail.com', 6);
INSERT INTO member_liked (member_email, pid) VALUES ('kaltaz80@gmail.com', 7);
INSERT INTO member_liked (member_email, pid) VALUES ('kaltaz80@gmail.com', 8);
INSERT INTO member_liked (member_email, pid) VALUES ('kaltaz80@gmail.com', 9);
INSERT INTO member_liked (member_email, pid) VALUES ('barbar@hotmail.com', 6);
INSERT INTO member_liked (member_email, pid) VALUES ('barbar@hotmail.com', 7);
INSERT INTO member_liked (member_email, pid) VALUES ('barbar@hotmail.com', 8);
INSERT INTO member_liked (member_email, pid) VALUES ('barbar@hotmail.com', 10);
INSERT INTO member_liked (member_email, pid) VALUES ('slim.abdennadher@guc.edu.eg', 6);
INSERT INTO member_liked (member_email, pid) VALUES ('slim.abdennadher@guc.edu.eg', 7);
INSERT INTO member_liked (member_email, pid) VALUES ('slim.abdennadher@guc.edu.eg', 8);
INSERT INTO member_liked (member_email, pid) VALUES ('slim.abdennadher@guc.edu.eg', 9);
INSERT INTO member_liked (member_email, pid) VALUES ('slim.abdennadher@guc.edu.eg', 10);

INSERT INTO member_liked (member_email, pid) VALUES ('kimobasha3000@hotmail.com', 11);
INSERT INTO member_liked (member_email, pid) VALUES ('kimobasha3000@hotmail.com', 12);
INSERT INTO member_liked (member_email, pid) VALUES ('kimobasha3000@hotmail.com', 13);
INSERT INTO member_liked (member_email, pid) VALUES ('ansary510@gmail.com', 12);
INSERT INTO member_liked (member_email, pid) VALUES ('ansary510@gmail.com', 13);
INSERT INTO member_liked (member_email, pid) VALUES ('ansary510@gmail.com', 14);
INSERT INTO member_liked (member_email, pid) VALUES ('ansary510@gmail.com', 16);
INSERT INTO member_liked (member_email, pid) VALUES ('khalid2355@yahoo.com', 11);
INSERT INTO member_liked (member_email, pid) VALUES ('khalid2355@yahoo.com', 14);
INSERT INTO member_liked (member_email, pid) VALUES ('khalid2355@yahoo.com', 15);
INSERT INTO member_liked (member_email, pid) VALUES ('blueberry@yahoo.com', 13);
INSERT INTO member_liked (member_email, pid) VALUES ('superhesham3@yahoo.com', 11);
INSERT INTO member_liked (member_email, pid) VALUES ('superhesham3@yahoo.com', 12);
INSERT INTO member_liked (member_email, pid) VALUES ('superhesham3@yahoo.com', 13);
INSERT INTO member_liked (member_email, pid) VALUES ('superhesham3@yahoo.com', 14);
INSERT INTO member_liked (member_email, pid) VALUES ('marwa@hotmail.com', 11);
INSERT INTO member_liked (member_email, pid) VALUES ('marwa@hotmail.com', 13);
INSERT INTO member_liked (member_email, pid) VALUES ('marwa@hotmail.com', 14);
INSERT INTO member_liked (member_email, pid) VALUES ('princessLamia@hotmail.com', 13);
INSERT INTO member_liked (member_email, pid) VALUES ('princessLamia@hotmail.com', 14);
INSERT INTO member_liked (member_email, pid) VALUES ('princessLamia@hotmail.com', 15);
INSERT INTO member_liked (member_email, pid) VALUES ('lionofthedesert@yahoo.com', 11);
INSERT INTO member_liked (member_email, pid) VALUES ('lionofthedesert@yahoo.com', 12);
INSERT INTO member_liked (member_email, pid) VALUES ('lionofthedesert@yahoo.com', 14);
INSERT INTO member_liked (member_email, pid) VALUES ('khalid.abdulnasser@gmail.com', 11);
INSERT INTO member_liked (member_email, pid) VALUES ('khalid.abdulnasser@gmail.com', 12);
INSERT INTO member_liked (member_email, pid) VALUES ('khalid.abdulnasser@gmail.com', 14);
INSERT INTO member_liked (member_email, pid) VALUES ('dragon15@gmail.com', 11);
INSERT INTO member_liked (member_email, pid) VALUES ('dragon15@gmail.com', 12);
INSERT INTO member_liked (member_email, pid) VALUES ('dragon15@gmail.com', 13);
INSERT INTO member_liked (member_email, pid) VALUES ('bagar80@gmail.com', 12);
INSERT INTO member_liked (member_email, pid) VALUES ('bagar80@gmail.com', 14);
INSERT INTO member_liked (member_email, pid) VALUES ('bagar80@gmail.com', 15);
INSERT INTO member_liked (member_email, pid) VALUES ('kaltaz80@gmail.com', 11);
INSERT INTO member_liked (member_email, pid) VALUES ('kaltaz80@gmail.com', 12);
INSERT INTO member_liked (member_email, pid) VALUES ('kaltaz80@gmail.com', 13);
INSERT INTO member_liked (member_email, pid) VALUES ('kaltaz80@gmail.com', 14);
INSERT INTO member_liked (member_email, pid) VALUES ('barbar@hotmail.com', 11);
INSERT INTO member_liked (member_email, pid) VALUES ('barbar@hotmail.com', 12);
INSERT INTO member_liked (member_email, pid) VALUES ('barbar@hotmail.com', 13);
INSERT INTO member_liked (member_email, pid) VALUES ('barbar@hotmail.com', 15);
INSERT INTO member_liked (member_email, pid) VALUES ('slim.abdennadher@guc.edu.eg', 11);
INSERT INTO member_liked (member_email, pid) VALUES ('slim.abdennadher@guc.edu.eg', 12);
INSERT INTO member_liked (member_email, pid) VALUES ('slim.abdennadher@guc.edu.eg', 13);
INSERT INTO member_liked (member_email, pid) VALUES ('slim.abdennadher@guc.edu.eg', 14);
INSERT INTO member_liked (member_email, pid) VALUES ('slim.abdennadher@guc.edu.eg', 15);

INSERT INTO member_liked (member_email, pid) VALUES ('kimobasha3000@hotmail.com', 16);
INSERT INTO member_liked (member_email, pid) VALUES ('kimobasha3000@hotmail.com', 17);
INSERT INTO member_liked (member_email, pid) VALUES ('kimobasha3000@hotmail.com', 18);
INSERT INTO member_liked (member_email, pid) VALUES ('ansary510@gmail.com', 17);
INSERT INTO member_liked (member_email, pid) VALUES ('ansary510@gmail.com', 18);
INSERT INTO member_liked (member_email, pid) VALUES ('ansary510@gmail.com', 19);
INSERT INTO member_liked (member_email, pid) VALUES ('ansary510@gmail.com', 20);
INSERT INTO member_liked (member_email, pid) VALUES ('khalid2355@yahoo.com', 16);
INSERT INTO member_liked (member_email, pid) VALUES ('khalid2355@yahoo.com', 19);
INSERT INTO member_liked (member_email, pid) VALUES ('khalid2355@yahoo.com', 20);
INSERT INTO member_liked (member_email, pid) VALUES ('blueberry@yahoo.com', 18);
INSERT INTO member_liked (member_email, pid) VALUES ('superhesham3@yahoo.com', 16);
INSERT INTO member_liked (member_email, pid) VALUES ('superhesham3@yahoo.com', 17);
INSERT INTO member_liked (member_email, pid) VALUES ('superhesham3@yahoo.com', 18);
INSERT INTO member_liked (member_email, pid) VALUES ('superhesham3@yahoo.com', 19);
INSERT INTO member_liked (member_email, pid) VALUES ('marwa@hotmail.com', 16);
INSERT INTO member_liked (member_email, pid) VALUES ('marwa@hotmail.com', 18);
INSERT INTO member_liked (member_email, pid) VALUES ('marwa@hotmail.com', 19);
INSERT INTO member_liked (member_email, pid) VALUES ('princessLamia@hotmail.com', 18);
INSERT INTO member_liked (member_email, pid) VALUES ('princessLamia@hotmail.com', 19);
INSERT INTO member_liked (member_email, pid) VALUES ('princessLamia@hotmail.com', 20);
INSERT INTO member_liked (member_email, pid) VALUES ('lionofthedesert@yahoo.com', 16);
INSERT INTO member_liked (member_email, pid) VALUES ('lionofthedesert@yahoo.com', 17);
INSERT INTO member_liked (member_email, pid) VALUES ('lionofthedesert@yahoo.com', 19);
INSERT INTO member_liked (member_email, pid) VALUES ('khalid.abdulnasser@gmail.com', 16);
INSERT INTO member_liked (member_email, pid) VALUES ('khalid.abdulnasser@gmail.com', 17);
INSERT INTO member_liked (member_email, pid) VALUES ('khalid.abdulnasser@gmail.com', 19);
INSERT INTO member_liked (member_email, pid) VALUES ('dragon15@gmail.com', 16);
INSERT INTO member_liked (member_email, pid) VALUES ('dragon15@gmail.com', 17);
INSERT INTO member_liked (member_email, pid) VALUES ('dragon15@gmail.com', 18);
INSERT INTO member_liked (member_email, pid) VALUES ('bagar80@gmail.com', 17);
INSERT INTO member_liked (member_email, pid) VALUES ('bagar80@gmail.com', 19);
INSERT INTO member_liked (member_email, pid) VALUES ('bagar80@gmail.com', 20);
INSERT INTO member_liked (member_email, pid) VALUES ('kaltaz80@gmail.com', 16);
INSERT INTO member_liked (member_email, pid) VALUES ('kaltaz80@gmail.com', 17);
INSERT INTO member_liked (member_email, pid) VALUES ('kaltaz80@gmail.com', 18);
INSERT INTO member_liked (member_email, pid) VALUES ('kaltaz80@gmail.com', 19);
INSERT INTO member_liked (member_email, pid) VALUES ('barbar@hotmail.com', 16);
INSERT INTO member_liked (member_email, pid) VALUES ('barbar@hotmail.com', 17);
INSERT INTO member_liked (member_email, pid) VALUES ('barbar@hotmail.com', 18);
INSERT INTO member_liked (member_email, pid) VALUES ('barbar@hotmail.com', 20);
INSERT INTO member_liked (member_email, pid) VALUES ('slim.abdennadher@guc.edu.eg', 16);
INSERT INTO member_liked (member_email, pid) VALUES ('slim.abdennadher@guc.edu.eg', 17);
INSERT INTO member_liked (member_email, pid) VALUES ('slim.abdennadher@guc.edu.eg', 18);
INSERT INTO member_liked (member_email, pid) VALUES ('slim.abdennadher@guc.edu.eg', 19);
INSERT INTO member_liked (member_email, pid) VALUES ('slim.abdennadher@guc.edu.eg', 20);

INSERT INTO member_comment (pid, type, text, email) VALUES (1, 0, 'I liked it. It was very cool!', 'superhesham3@yahoo.com');
INSERT INTO member_comment (pid, type, text, email) VALUES (1, 1, '#BestHolidayEver', 'superhesham3@yahoo.com');
INSERT INTO question (pid, text, email) VALUES (1, 'What is the cost of a cinema ticket there?', 'superhesham3@yahoo.com');
INSERT INTO answer (pid, question_number, text, email) VALUES (1, 1, '50 bucks', 'kimobasha3000@hotmail.com');

INSERT INTO rating_criteria (pid, criteria_name, member_email) VALUES (1, 'Cleanliness', 'kimobasha3000@hotmail.com');
INSERT INTO rating_criteria (pid, criteria_name, member_email) VALUES (1, 'Fun Factor', 'kimobasha3000@hotmail.com');
INSERT INTO rating_criteria (pid, criteria_name, member_email) VALUES (1, 'Service', 'dragon15@gmail.com');
INSERT INTO rating_criteria (pid, criteria_name, member_email) VALUES (1, 'Value', 'princesslamia@hotmail.com');
INSERT INTO rating_criteria (pid, criteria_name, member_email) VALUES (2, 'Cleanliness', 'kimobasha3000@hotmail.com');
INSERT INTO rating_criteria (pid, criteria_name, member_email) VALUES (2, 'Fun Factor', 'kimobasha3000@hotmail.com');
INSERT INTO rating_criteria (pid, criteria_name, member_email) VALUES (2, 'Service', 'dragon15@gmail.com');
INSERT INTO rating_criteria (pid, criteria_name, member_email) VALUES (2, 'Value', 'princesslamia@hotmail.com');
INSERT INTO rating_criteria (pid, criteria_name, member_email) VALUES (3, 'Cleanliness', 'kimobasha3000@hotmail.com');
INSERT INTO rating_criteria (pid, criteria_name, member_email) VALUES (3, 'Fun Factor', 'kimobasha3000@hotmail.com');
INSERT INTO rating_criteria (pid, criteria_name, member_email) VALUES (3, 'Service', 'dragon15@gmail.com');
INSERT INTO rating_criteria (pid, criteria_name, member_email) VALUES (3, 'Value', 'princesslamia@hotmail.com');
INSERT INTO rating_criteria (pid, criteria_name, member_email) VALUES (4, 'Cleanliness', 'kimobasha3000@hotmail.com');
INSERT INTO rating_criteria (pid, criteria_name, member_email) VALUES (4, 'Fun Factor', 'kimobasha3000@hotmail.com');
INSERT INTO rating_criteria (pid, criteria_name, member_email) VALUES (4, 'Service', 'dragon15@gmail.com');
INSERT INTO rating_criteria (pid, criteria_name, member_email) VALUES (4, 'Value', 'princesslamia@hotmail.com');
INSERT INTO rating_criteria (pid, criteria_name, member_email) VALUES (5, 'Cleanliness', 'kimobasha3000@hotmail.com');
INSERT INTO rating_criteria (pid, criteria_name, member_email) VALUES (5, 'Fun Factor', 'kimobasha3000@hotmail.com');
INSERT INTO rating_criteria (pid, criteria_name, member_email) VALUES (5, 'Service', 'dragon15@gmail.com');
INSERT INTO rating_criteria (pid, criteria_name, member_email) VALUES (5, 'Value', 'princesslamia@hotmail.com');
INSERT INTO rating_criteria (pid, criteria_name, member_email) VALUES (6, 'Cleanliness', 'kimobasha3000@hotmail.com');
INSERT INTO rating_criteria (pid, criteria_name, member_email) VALUES (6, 'Fun Factor', 'kimobasha3000@hotmail.com');
INSERT INTO rating_criteria (pid, criteria_name, member_email) VALUES (6, 'Service', 'dragon15@gmail.com');
INSERT INTO rating_criteria (pid, criteria_name, member_email) VALUES (6, 'Value', 'princesslamia@hotmail.com');
INSERT INTO rating_criteria (pid, criteria_name, member_email) VALUES (7, 'Cleanliness', 'kimobasha3000@hotmail.com');
INSERT INTO rating_criteria (pid, criteria_name, member_email) VALUES (7, 'Fun Factor', 'kimobasha3000@hotmail.com');
INSERT INTO rating_criteria (pid, criteria_name, member_email) VALUES (7, 'Service', 'dragon15@gmail.com');
INSERT INTO rating_criteria (pid, criteria_name, member_email) VALUES (7, 'Value', 'princesslamia@hotmail.com');
INSERT INTO rating_criteria (pid, criteria_name, member_email) VALUES (8, 'Cleanliness', 'kimobasha3000@hotmail.com');
INSERT INTO rating_criteria (pid, criteria_name, member_email) VALUES (8, 'Fun Factor', 'kimobasha3000@hotmail.com');
INSERT INTO rating_criteria (pid, criteria_name, member_email) VALUES (8, 'Service', 'dragon15@gmail.com');
INSERT INTO rating_criteria (pid, criteria_name, member_email) VALUES (8, 'Value', 'princesslamia@hotmail.com');
INSERT INTO rating_criteria (pid, criteria_name, member_email) VALUES (9, 'Cleanliness', 'kimobasha3000@hotmail.com');
INSERT INTO rating_criteria (pid, criteria_name, member_email) VALUES (9, 'Fun Factor', 'kimobasha3000@hotmail.com');
INSERT INTO rating_criteria (pid, criteria_name, member_email) VALUES (9, 'Service', 'dragon15@gmail.com');
INSERT INTO rating_criteria (pid, criteria_name, member_email) VALUES (9, 'Value', 'princesslamia@hotmail.com');
INSERT INTO rating_criteria (pid, criteria_name, member_email) VALUES (10, 'Cleanliness', 'kimobasha3000@hotmail.com');
INSERT INTO rating_criteria (pid, criteria_name, member_email) VALUES (10, 'Fun Factor', 'kimobasha3000@hotmail.com');
INSERT INTO rating_criteria (pid, criteria_name, member_email) VALUES (10, 'Service', 'dragon15@gmail.com');
INSERT INTO rating_criteria (pid, criteria_name, member_email) VALUES (10, 'Value', 'princesslamia@hotmail.com');
INSERT INTO rating_criteria (pid, criteria_name, member_email) VALUES (11, 'Cleanliness', 'kimobasha3000@hotmail.com');
INSERT INTO rating_criteria (pid, criteria_name, member_email) VALUES (11, 'Fun Factor', 'kimobasha3000@hotmail.com');
INSERT INTO rating_criteria (pid, criteria_name, member_email) VALUES (11, 'Service', 'dragon15@gmail.com');
INSERT INTO rating_criteria (pid, criteria_name, member_email) VALUES (11, 'Value', 'princesslamia@hotmail.com');
INSERT INTO rating_criteria (pid, criteria_name, member_email) VALUES (12, 'Cleanliness', 'kimobasha3000@hotmail.com');
INSERT INTO rating_criteria (pid, criteria_name, member_email) VALUES (12, 'Fun Factor', 'kimobasha3000@hotmail.com');
INSERT INTO rating_criteria (pid, criteria_name, member_email) VALUES (12, 'Service', 'dragon15@gmail.com');
INSERT INTO rating_criteria (pid, criteria_name, member_email) VALUES (12, 'Value', 'princesslamia@hotmail.com');
INSERT INTO rating_criteria (pid, criteria_name, member_email) VALUES (13, 'Cleanliness', 'kimobasha3000@hotmail.com');
INSERT INTO rating_criteria (pid, criteria_name, member_email) VALUES (13, 'Fun Factor', 'kimobasha3000@hotmail.com');
INSERT INTO rating_criteria (pid, criteria_name, member_email) VALUES (13, 'Service', 'dragon15@gmail.com');
INSERT INTO rating_criteria (pid, criteria_name, member_email) VALUES (13, 'Value', 'princesslamia@hotmail.com');
INSERT INTO rating_criteria (pid, criteria_name, member_email) VALUES (14, 'Cleanliness', 'kimobasha3000@hotmail.com');
INSERT INTO rating_criteria (pid, criteria_name, member_email) VALUES (14, 'Fun Factor', 'kimobasha3000@hotmail.com');
INSERT INTO rating_criteria (pid, criteria_name, member_email) VALUES (14, 'Service', 'dragon15@gmail.com');
INSERT INTO rating_criteria (pid, criteria_name, member_email) VALUES (14, 'Value', 'princesslamia@hotmail.com');
INSERT INTO rating_criteria (pid, criteria_name, member_email) VALUES (15, 'Cleanliness', 'kimobasha3000@hotmail.com');
INSERT INTO rating_criteria (pid, criteria_name, member_email) VALUES (15, 'Fun Factor', 'kimobasha3000@hotmail.com');
INSERT INTO rating_criteria (pid, criteria_name, member_email) VALUES (15, 'Service', 'dragon15@gmail.com');
INSERT INTO rating_criteria (pid, criteria_name, member_email) VALUES (15, 'Value', 'princesslamia@hotmail.com');
INSERT INTO rating_criteria (pid, criteria_name, member_email) VALUES (16, 'Cleanliness', 'kimobasha3000@hotmail.com');
INSERT INTO rating_criteria (pid, criteria_name, member_email) VALUES (16, 'Fun Factor', 'kimobasha3000@hotmail.com');
INSERT INTO rating_criteria (pid, criteria_name, member_email) VALUES (16, 'Service', 'dragon15@gmail.com');
INSERT INTO rating_criteria (pid, criteria_name, member_email) VALUES (16, 'Value', 'princesslamia@hotmail.com');
INSERT INTO rating_criteria (pid, criteria_name, member_email) VALUES (17, 'Cleanliness', 'kimobasha3000@hotmail.com');
INSERT INTO rating_criteria (pid, criteria_name, member_email) VALUES (17, 'Fun Factor', 'kimobasha3000@hotmail.com');
INSERT INTO rating_criteria (pid, criteria_name, member_email) VALUES (17, 'Service', 'dragon15@gmail.com');
INSERT INTO rating_criteria (pid, criteria_name, member_email) VALUES (17, 'Value', 'princesslamia@hotmail.com');
INSERT INTO rating_criteria (pid, criteria_name, member_email) VALUES (18, 'Cleanliness', 'kimobasha3000@hotmail.com');
INSERT INTO rating_criteria (pid, criteria_name, member_email) VALUES (18, 'Fun Factor', 'kimobasha3000@hotmail.com');
INSERT INTO rating_criteria (pid, criteria_name, member_email) VALUES (18, 'Service', 'dragon15@gmail.com');
INSERT INTO rating_criteria (pid, criteria_name, member_email) VALUES (18, 'Value', 'princesslamia@hotmail.com');
INSERT INTO rating_criteria (pid, criteria_name, member_email) VALUES (19, 'Cleanliness', 'kimobasha3000@hotmail.com');
INSERT INTO rating_criteria (pid, criteria_name, member_email) VALUES (19, 'Fun Factor', 'kimobasha3000@hotmail.com');
INSERT INTO rating_criteria (pid, criteria_name, member_email) VALUES (19, 'Service', 'dragon15@gmail.com');
INSERT INTO rating_criteria (pid, criteria_name, member_email) VALUES (19, 'Value', 'princesslamia@hotmail.com');
INSERT INTO rating_criteria (pid, criteria_name, member_email) VALUES (20, 'Cleanliness', 'kimobasha3000@hotmail.com');
INSERT INTO rating_criteria (pid, criteria_name, member_email) VALUES (20, 'Fun Factor', 'kimobasha3000@hotmail.com');
INSERT INTO rating_criteria (pid, criteria_name, member_email) VALUES (20, 'Service', 'dragon15@gmail.com');
INSERT INTO rating_criteria (pid, criteria_name, member_email) VALUES (20, 'Value', 'princesslamia@hotmail.com');

INSERT INTO rate (pid, criteria_name, member_email, rate_value) VALUES (3, 'Cleanliness', 'kimobasha3000@hotmail.com', 5);
INSERT INTO rate (pid, criteria_name, member_email, rate_value) VALUES (3, 'Fun Factor', 'kimobasha3000@hotmail.com', 4);
INSERT INTO rate (pid, criteria_name, member_email, rate_value) VALUES (3, 'Service', 'dragon15@gmail.com', 2);
INSERT INTO rate (pid, criteria_name, member_email, rate_value) VALUES (3, 'Value', 'princesslamia@hotmail.com', 2);

INSERT INTO add_friend(sender_email, reciever_email) VALUES ('kimobasha3000@hotmail.com', 'slim.abdennadher@guc.edu.eg');
INSERT INTO add_friend(sender_email, reciever_email) VALUES ('ansary510@gmail.com', 'kimobasha3000@hotmail.com');
INSERT INTO add_friend(sender_email, reciever_email, accept) VALUES ('barbar@hotmail.com', 'kimobasha3000@hotmail.com', 1);
INSERT INTO add_friend(sender_email, reciever_email, accept) VALUES ('ansary510@gmail.com', 'dragon15@gmail.com', 1);
INSERT INTO add_friend(sender_email, reciever_email, accept) VALUES ('ansary510@gmail.com', 'princesslamia@hotmail.com', 1);

INSERT INTO invite (admin1, admin2, pid) VALUES ('ansary510@gmail.com', 'kimobasha3000@hotmail.com', 10);
INSERT INTO invite (admin1, admin2, pid) VALUES ('ansary510@gmail.com', 'kimobasha3000@hotmail.com', 11);

INSERT INTO image (email, pid, image_file) VALUES ('kimobasha3000@hotmail.com', 1, 'gate.jpg');
INSERT INTO image (email, pid, image_file) VALUES ('kimobasha3000@hotmail.com', 1, 'cinema.jpg');
INSERT INTO image (email, pid, image_file) VALUES ('kimobasha3000@hotmail.com', 1, 'fun.jpg');

INSERT INTO room (pid, type, price) VALUES (3, 'Double', 220);
INSERT INTO room (pid, type, price) VALUES (4, 'Single', 80);
INSERT INTO room (pid, type, price) VALUES (4, 'Double', 120);
INSERT INTO room (pid, type, price) VALUES (4, 'Triple', 210);
INSERT INTO room (pid, type, price) VALUES (5, 'Single', 50);
INSERT INTO room (pid, type, price) VALUES (5, 'Double', 150);
INSERT INTO room (pid, type, price) VALUES (5, 'Triple', 250);
INSERT INTO room (pid, type, price) VALUES (5, 'Quadruple', 350);